[{"TeamId":257,"TeamName":"ACES","TeamShortName":"ACES","TeamLogo":"ouRVPp-JC10daYYapMbYd.png","TeamColor":"#fbff1a","TeamRegions":[0]},{"TeamId":258,"TeamName":"FullTilt","TeamShortName":"FULL","TeamLogo":"Hlc57hPry-dMU-vWUzh5I.png","TeamColor":"#000000","TeamRegions":[0]},{"TeamId":269,"TeamName":"PolishPower","TeamShortName":"PP","TeamLogo":"ZU3psA4IKL17dtmBil-1v.png","TeamColor":"#bf4057","TeamRegions":[0,3]},{"TeamId":273,"TeamName":"NUMBERS","TeamShortName":"7516","TeamLogo":"h47mga669iXyo1Nc_uRuN.png","TeamColor":"#ca4eba","TeamRegions":[0]},{"TeamId":278,"TeamName":"DiNG","TeamShortName":"DiNG","TeamLogo":"T7W7J6x2iTn2pD_W-pWjQ.png","TeamColor":"#0b30c1","TeamRegions":[0]},{"TeamId":282,"TeamName":"kitchen?","TeamShortName":"KTCN","TeamLogo":"AW3mguP3ZnpEnAGAAL4-g.png","TeamColor":"#3cbccd","TeamRegions":[0]},{"TeamId":284,"TeamName":"Acend Club","TeamShortName":"ACE","TeamLogo":"Ev-2vYodftX1b2WGooQs9.png","TeamColor":"#8b59cf","TeamRegions":[0,3]},{"TeamId":285,"TeamName":"AfterAlt","TeamShortName":"AA","TeamLogo":"8CHiCHkIXHm37aG1xQdVt.png","TeamColor":"#141457","TeamRegions":[0,3]},{"TeamId":286,"TeamName":"BBL Esports","TeamShortName":"BBL","TeamLogo":"TZZcAddL3Tph2bY0ku2Rr.png","TeamColor":"#292b7a","TeamRegions":[0,3]},{"TeamId":287,"TeamName":"Digital Athletics","TeamShortName":"DA","TeamLogo":"tIWsqJgOpdnufjFjw9R-V.png","TeamColor":"#00a7e1","TeamRegions":[0,3]},{"TeamId":288,"TeamName":"ENTROPIQ","TeamShortName":"EIQ","TeamLogo":"ruG9seTPUDjrVO_uKWUrz.png","TeamColor":"#006b41","TeamRegions":[0,3]},{"TeamId":289,"TeamName":"FaZe Clan","TeamShortName":"FaZe","TeamLogo":"lxWYlbOqoKBO9MKiINwEA.png","TeamColor":"#c00c25","TeamRegions":[0,3]},{"TeamId":290,"TeamName":"FUT Esports","TeamShortName":"FUT","TeamLogo":"4SP9Smf7vsJu9EdNm6zA7.png","TeamColor":"#00b4a1","TeamRegions":[0,3]},{"TeamId":291,"TeamName":"GDE eSports","TeamShortName":"GDE","TeamLogo":"GZhylmGGKAtW3wNKTekFn.png","TeamColor":"#703600","TeamRegions":[0]},{"TeamId":292,"TeamName":"mForce","TeamShortName":"MF4","TeamLogo":"MbrjPJisCJOG_iMOfknU8.png","TeamColor":"#adadad","TeamRegions":[0]},{"TeamId":293,"TeamName":"MTB Esports","TeamShortName":"MTB","TeamLogo":"OX6ihMKEkZ7P9gR7Kv1OG.png","TeamColor":"#1b6600","TeamRegions":[0]},{"TeamId":294,"TeamName":"Natus Vincere","TeamShortName":"NAVI","TeamLogo":"5WcqsNEik2EO3h-OW4PzY.png","TeamColor":"#cfad11","TeamRegions":[0,3]},{"TeamId":295,"TeamName":"Quard Two","TeamShortName":"Q2","TeamLogo":"Xi8Sq96g3fAgugo0cAWBJ.png","TeamColor":"#9dcc49","TeamRegions":[0]},{"TeamId":296,"TeamName":"Question Mark","TeamShortName":"QM","TeamLogo":"5ZtkZjOIyfg6AvF4BG-NW.png","TeamColor":"#0066ad","TeamRegions":[0,3]},{"TeamId":297,"TeamName":"SARVEM ESPORTS","TeamShortName":"SRM","TeamLogo":"W8ju1qzorRpjFcuDBHIEU.png","TeamColor":"#f39a2a","TeamRegions":[0,3]},{"TeamId":298,"TeamName":"Twisted Minds","TeamShortName":"TWIS","TeamLogo":"EQUIVr9yQuc4TZVDnnSzF.png","TeamColor":"#c0278f","TeamRegions":[0,3]},{"TeamId":299,"TeamName":"The Woo","TeamShortName":"Woo","TeamLogo":"f3SLVAzTOwk56yn9xLqdE.png","TeamColor":"#a30000","TeamRegions":[0,3]},{"TeamId":300,"TeamName":"Exalt","TeamShortName":"EX","TeamLogo":"DA9o9KGbXpc5a4a6npLGk.png","TeamColor":"#940ca6","TeamRegions":[0,3,3]},{"TeamId":301,"TeamName":"HOWL","TeamShortName":"HOWL","TeamLogo":"5zHPARzDtecjXiC0isFHw.png","TeamColor":"#7d878b","TeamRegions":[0,3]},{"TeamId":374,"TeamName":"New Generation Esports","TeamShortName":"NGE","TeamLogo":"uJi5e34JSxelsFew8ei6R.png","TeamColor":"#ffa200","TeamRegions":[0]},{"TeamId":618,"TeamName":"ENTROPY","TeamShortName":"EYG","TeamLogo":"lmFqJiaqcVuMeb5fG6sun.png","TeamColor":"#000000","TeamRegions":[0,3]},{"TeamId":619,"TeamName":"Vorpal Swords","TeamShortName":"VS","TeamLogo":"FouxrxLNieuZzF91Bcb06.png","TeamColor":"#15891a","TeamRegions":[0,3]},{"TeamId":620,"TeamName":"Fairy tail","TeamShortName":"FT","TeamLogo":"5cvIdshRUkapXqk-Qz9Hi.png","TeamColor":"#c0278f","TeamRegions":[0,3]},{"TeamId":621,"TeamName":"We Live Again","TeamShortName":"WLA","TeamLogo":"kRhzFI-nwvPF1VYJkmtci.png","TeamColor":"#9b1b7c","TeamRegions":[0,3]},{"TeamId":622,"TeamName":"Zoekt een Naam","TeamShortName":"ZeN","TeamLogo":"SD_Q7m_CxDchTkBgyyucu.png","TeamColor":"#000000","TeamRegions":[0,3]},{"TeamId":623,"TeamName":"NewGate","TeamShortName":"NWG","TeamLogo":"vHQbaR0GVmaFTCpbkkmM7.png","TeamColor":"#33343d","TeamRegions":[0,3]},{"TeamId":624,"TeamName":"Vis","TeamShortName":"VIS","TeamLogo":"UmwEKj24w1029e4ADovvt.png","TeamColor":"#000000","TeamRegions":[0,3]},{"TeamId":625,"TeamName":"WINORDIE","TeamShortName":"WIN","TeamLogo":"Y_EsvFQGrCBy0o5pMW1zI.png","TeamColor":"#594991","TeamRegions":[0,3]},{"TeamId":626,"TeamName":"Happiness","TeamShortName":"HPNS","TeamLogo":"VpqZQVF_uSQKGeey5vBKR.png","TeamColor":"#647fcc","TeamRegions":[0,3]},{"TeamId":627,"TeamName":"Lightning Strikers","TeamShortName":"LS","TeamLogo":"8TjXFWfG44Tromt44MLUw.png","TeamColor":"#000000","TeamRegions":[0,3]},{"TeamId":628,"TeamName":"ORGLESS","TeamShortName":"ORG","TeamLogo":"yqXvSAm7pvn7hB4bzePn9.png","TeamColor":"#71085a","TeamRegions":[0,3]},{"TeamId":629,"TeamName":"NotBad","TeamShortName":"NB","TeamLogo":"DEvI8wUj_DQij3BfszYsK.png","TeamColor":"#000000","TeamRegions":[0,3]},{"TeamId":630,"TeamName":"PCIFIC ESPORTS","TeamShortName":"PCF","TeamLogo":"bJbC6REkqi_v9G6NrgArJ.png","TeamColor":"#01615d","TeamRegions":[0,3,3]},{"TeamId":631,"TeamName":"Bullet Rain","TeamShortName":"BR","TeamLogo":"1xPqFXRM5t9KUV1d-gYhF.png","TeamColor":"#000000","TeamRegions":[0,3]},{"TeamId":632,"TeamName":"Warpalas Esports","TeamShortName":"WP","TeamLogo":"5jnMhuTE_ufNOOpg1-Aon.png","TeamColor":"#000000","TeamRegions":[0,3]},{"TeamId":633,"TeamName":"Bumble Squad","TeamShortName":"BUM","TeamLogo":"iamGDgGnXzfebPCNO3pyn.png","TeamColor":"#6e6000","TeamRegions":[0,3]},{"TeamId":634,"TeamName":"Council of Elders","TeamShortName":"COE","TeamLogo":"-bi9vOOyo3XLVQosLafPF.png","TeamColor":"#000000","TeamRegions":[0,3]},{"TeamId":635,"TeamName":"BADBOYS","TeamShortName":"BB","TeamLogo":"CjH-O7y-yDVuJydBTGbyt.png","TeamColor":"#c8590a","TeamRegions":[0,3]},{"TeamId":636,"TeamName":"PEW PEW CREW","TeamShortName":"PPC","TeamLogo":"fHnmMiSSer_r3bd-nD8Yz.png","TeamColor":"#000000","TeamRegions":[0,3]},{"TeamId":637,"TeamName":"AYGAZ POWER","TeamShortName":"AP","TeamLogo":"F2FJmyE1PV8s7Wk0aVkL-.png","TeamColor":"#000000","TeamRegions":[0,3]},{"TeamId":638,"TeamName":"PANCARCORBASI","TeamShortName":"PC","TeamLogo":"ngAJbt_xZIP1HwzMXw1Ll.png","TeamColor":"#000000","TeamRegions":[0,3]},{"TeamId":639,"TeamName":"Team Elite","TeamShortName":"TE","TeamLogo":"8uVwmfOKHc4SmOzUOteSm.png","TeamColor":"#000000","TeamRegions":[0,3]},{"TeamId":640,"TeamName":"POD SAMOLET","TeamShortName":"POD","TeamLogo":"GrFLRRhaZtc6w2HPvk9-X.png","TeamColor":"#2a52c3","TeamRegions":[0,3]},{"TeamId":641,"TeamName":"NESA Esports","TeamShortName":"NESA","TeamLogo":"j5MEDjUAMBnTAva-LFvRn.png","TeamColor":"#1b2f9f","TeamRegions":[0,3]},{"TeamId":642,"TeamName":"Against All Odds","TeamShortName":"ALL","TeamLogo":"AgRasyyU0_YmIbu_0jelL.png","TeamColor":"#000000","TeamRegions":[0,3]},{"TeamId":643,"TeamName":"VAGRANCY","TeamShortName":"VRC","TeamLogo":"zjgR4yHBHN2rFcdututON.png","TeamColor":"#000000","TeamRegions":[0,3]},{"TeamId":644,"TeamName":"Formulation Gaming","TeamShortName":"FMG","TeamLogo":"OZNkQQvLhTdpuxC3O0yRy.png","TeamColor":"#456205","TeamRegions":[0,3]},{"TeamId":645,"TeamName":"Sammler","TeamShortName":"SLR","TeamLogo":"wTERkAC-0bUDO_A80R_ib.png","TeamColor":"#687c87","TeamRegions":[0,3]},{"TeamId":647,"TeamName":"1453 ESports","TeamShortName":"1453","TeamLogo":"KTZIA9l55KIQSkwNUM0mK.png","TeamColor":"#000000","TeamRegions":[0]},{"TeamId":648,"TeamName":"7 Gaming","TeamShortName":"7G","TeamLogo":"Kl_bjQm-ncNjUrf5PCxzL.png","TeamColor":"#000000","TeamRegions":[0]},{"TeamId":649,"TeamName":"Easy Peasy","TeamShortName":"EZ","TeamLogo":"DhLNubtLFbtKBci9EWZVV.png","TeamColor":"#000000","TeamRegions":[0]},{"TeamId":650,"TeamName":"FARMERS","TeamShortName":"FARM","TeamLogo":"5X7EF2Jh0kjX_5hDMsUma.png","TeamColor":"#000000","TeamRegions":[0]},{"TeamId":651,"TeamName":"IRAQ TEAM","TeamShortName":"IRAQ","TeamLogo":"-xCXt1CUqoTmatZY9pdOj.png","TeamColor":"#000000","TeamRegions":[0]},{"TeamId":652,"TeamName":"NOTAG","TeamShortName":"NOT","TeamLogo":"3Nns0Lj_DNw6IZlgRscim.png","TeamColor":"#594991","TeamRegions":[0]},{"TeamId":653,"TeamName":"Olympique","TeamShortName":"OLM","TeamLogo":"ejRV6MOAqG47dq1ZW6im4.png","TeamColor":"#000000","TeamRegions":[0]},{"TeamId":654,"TeamName":"Ressurection","TeamShortName":"RSR","TeamLogo":"WaVVcUbM655FSCKXijjWT.png","TeamColor":"#000000","TeamRegions":[0]},{"TeamId":655,"TeamName":"SEFILLER","TeamShortName":"FIL","TeamLogo":"e0TugAMIDUOUsCSFhBO3W.png","TeamColor":"#000000","TeamRegions":[0]},{"TeamId":656,"TeamName":"Sticky Gummies","TeamShortName":"SG","TeamLogo":"CmaSUnE1trDxjOAlwg84r.png","TeamColor":"#9b1b7c","TeamRegions":[0]},{"TeamId":657,"TeamName":"Take Risk","TeamShortName":"RISK","TeamLogo":"CE-Jh1dHUoP-QsiymwpAu.png","TeamColor":"#000000","TeamRegions":[0]},{"TeamId":658,"TeamName":"BrokenBones eSports","TeamShortName":"BRB","TeamLogo":"tiF12HGJnF7MNEqpeHl4-.png","TeamColor":"#2a52c3","TeamRegions":[0]},{"TeamId":659,"TeamName":"Carnivor3s","TeamShortName":"C3S","TeamLogo":"vBq3x1EY3J3vemO04fN4_.png","TeamColor":"#cfad11","TeamRegions":[0]},{"TeamId":660,"TeamName":"Gifted wins","TeamShortName":"GIFT","TeamLogo":"YjVhHAKHW3yorqO6IaK1Z.png","TeamColor":"#000000","TeamRegions":[0]},{"TeamId":661,"TeamName":"LULW","TeamShortName":"LULW","TeamLogo":"O9pbXC1xX9CllGqAFJ3c3.png","TeamColor":"#7ab011","TeamRegions":[0]},{"TeamId":662,"TeamName":"MadBulls","TeamShortName":"MAD","TeamLogo":"_7GLPx3LvOfITvsyWNxpu.png","TeamColor":"#33343d","TeamRegions":[0]},{"TeamId":663,"TeamName":"Muravinii Intelekt","TeamShortName":"MI","TeamLogo":"7HZOXYJ3Jm14lhknxJBzk.png","TeamColor":"#000000","TeamRegions":[0]},{"TeamId":664,"TeamName":"Pirkka","TeamShortName":"PRK","TeamLogo":"DdWuoaDXVnj7ggtDW6713.png","TeamColor":"#000000","TeamRegions":[0]},{"TeamId":665,"TeamName":"Primal","TeamShortName":"PRML","TeamLogo":"X-CP1FV8jORBuqpqT9v_r.png","TeamColor":"#000000","TeamRegions":[0]},{"TeamId":666,"TeamName":"snIIp","TeamShortName":"SNIP","TeamLogo":"FBte_FVy-vKJk4XnrOJE0.png","TeamColor":"#000000","TeamRegions":[0]},{"TeamId":667,"TeamName":"solo","TeamShortName":"SOLO","TeamLogo":"PLqY0c-CuLMIrHa6NiDmC.png","TeamColor":"#000000","TeamRegions":[0]},{"TeamId":668,"TeamName":"Baldinini","TeamShortName":"BAL","TeamLogo":"1YOhovpAv0uiRt7REbV_3.png","TeamColor":"#00b4a1","TeamRegions":[0]},{"TeamId":669,"TeamName":"Any Trolls In Chat","TeamShortName":"ATC","TeamLogo":"R6lvZDxXxDBbZ7hprFRQ5.png","TeamColor":"#6e6000","TeamRegions":[0]},{"TeamId":670,"TeamName":"BB Team","TeamShortName":"BB","TeamLogo":"sGt8W9lex4lWj_5UKrExG.png","TeamColor":"#b85b0e","TeamRegions":[0]},{"TeamId":671,"TeamName":"Young Danes","TeamShortName":"YD","TeamLogo":"GwVTxu_15sgysss18apBq.png","TeamColor":"#71085a","TeamRegions":[0]},{"TeamId":672,"TeamName":"PERA Esports","TeamShortName":"PERA","TeamLogo":"z5amxc25YaxtqNJYWbZ1B.png","TeamColor":"#208dd2","TeamRegions":[0]},{"TeamId":673,"TeamName":"Team Falcons","TeamShortName":"FLC","TeamLogo":"_fQ3meavhE6YQo5HT0ejG.png","TeamColor":"#006b41","TeamRegions":[0]},{"TeamId":674,"TeamName":"Legacy","TeamShortName":"LGCY","TeamLogo":"wSLlIAAGSl7syeNPND84e.png","TeamColor":"#71085a","TeamRegions":[0]},{"TeamId":675,"TeamName":"Shoot To Kill","TeamShortName":"STK","TeamLogo":"aC-3OL0ZTAzQmWu5gvS_j.png","TeamColor":"#33343d","TeamRegions":[0]},{"TeamId":676,"TeamName":"Luna Galaxy","TeamShortName":"LxG","TeamLogo":"F1alqsf1yI3cxhmXNbrs_.png","TeamColor":"#594991","TeamRegions":[0]},{"TeamId":677,"TeamName":"Spacestation Gaming","TeamShortName":"SSG","TeamLogo":"wVVMty4l5nQeDBD7KH_H5.png","TeamColor":"#6e6000","TeamRegions":[0]},{"TeamId":678,"TeamName":"Bestia","TeamShortName":"BST","TeamLogo":"n16JsXpXPg7m5tiQz_z7r.png","TeamColor":"#8b59cf","TeamRegions":[0]},{"TeamId":679,"TeamName":"Gascans","TeamShortName":"GAS","TeamLogo":"PGeLhlOBsEFpEo3k5QfJb.png","TeamColor":"#292b7a","TeamRegions":[0]},{"TeamId":680,"TeamName":"SPAM","TeamShortName":"SPAM","TeamLogo":"uovKNER7yHx6p7HqjB-8_.png","TeamColor":"#c0278f","TeamRegions":[0]},{"TeamId":681,"TeamName":"Mercy Gaming","TeamShortName":"MRCY","TeamLogo":"Cr9hUxPtfefCujASr14e3.png","TeamColor":"#b85b0e","TeamRegions":[0]},{"TeamId":682,"TeamName":"Soniqs","TeamShortName":"SQ","TeamLogo":"-I-1tCU6wJpX_fGWEiWXQ.png","TeamColor":"#00b4a1","TeamRegions":[0]},{"TeamId":683,"TeamName":"55 E-sports","TeamShortName":"55","TeamLogo":"kl6-5BjuNHuvLNN5MLdkQ.png","TeamColor":"#cfad11","TeamRegions":[0]},{"TeamId":684,"TeamName":"Pichau","TeamShortName":"PCH","TeamLogo":"vlqV1udu9VabLs7Iohu1B.png","TeamColor":"#7d878b","TeamRegions":[0]},{"TeamId":685,"TeamName":"Old Guard","TeamShortName":"OG","TeamLogo":"1lW6CBLBZ8iypa4_fkX0H.png","TeamColor":"#208dd2","TeamRegions":[0]},{"TeamId":686,"TeamName":"Future","TeamShortName":"FT","TeamLogo":"Hc9WodyjEMAMjU5iEde8i.png","TeamColor":"#2a52c3","TeamRegions":[0]},{"TeamId":687,"TeamName":"Also Known As","TeamShortName":"AKA","TeamLogo":"0btyAmHjSvVd2fGAdZbym.png","TeamColor":"#c00c25","TeamRegions":[0]},{"TeamId":688,"TeamName":"RATZ","TeamShortName":"RATZ","TeamLogo":"qDZJl5bBNwlEBpTrdiKB0.png","TeamColor":"#7ab011","TeamRegions":[0]}]